f,per_hann,yule_walker,burg
0,5.54569275e-06,3.73906667e-06,3.41837189e-06
24.4140625,5.5413515e-06,3.73862243e-06,3.41811116e-06
48.828125,5.52811739e-06,3.73728972e-06,3.41732868e-06
73.2421875,5.50536952e-06,3.73506857e-06,3.41602353e-06
97.65625,5.47210669e-06,3.73195907e-06,3.4141942e-06
122.070312,5.42699765e-06,3.72796139e-06,3.41183864e-06
146.484375,5.36845043e-06,3.72307578e-06,3.40895425e-06
170.898438,5.29469978e-06,3.71730267e-06,3.40553794e-06
195.3125,5.20391074e-06,3.71064271e-06,3.40158619e-06
219.726562,5.09429537e-06,3.70309682e-06,3.3970951e-06
244.140625,4.96423878e-06,3.69466626e-06,3.39206049e-06
268.554688,4.81242931e-06,3.68535276e-06,3.38647792e-06
292.96875,4.63798655e-06,3.67515853e-06,3.38034283e-06
317.382812,4.44058036e-06,3.66408642e-06,3.37365059e-06
341.796875,4.22053305e-06,3.65213997e-06,3.36639663e-06
366.210938,3.97889728e-06,3.63932352e-06,3.35857651e-06
390.625,3.71750254e-06,3.62564232e-06,3.35018604e-06
415.039062,3.43896435e-06,3.61110258e-06,3.34122138e-06
439.453125,3.14665199e-06,3.59571162e-06,3.33167914e-06
463.867188,2.84461288e-06,3.57947792e-06,3.32155651e-06
488.28125,2.53745456e-06,3.56241122e-06,3.31085133e-06
512.695312,2.23018789e-06,3.5445226e-06,3.29956225e-06
537.109375,1.92803819e-06,3.52582452e-06,3.28768878e-06
561.523438,1.63623358e-06,3.50633093e-06,3.2752314e-06
585.9375,1.35978187e-06,3.48605729e-06,3.26219168e-06
610.351562,1.10324903e-06,3.4650206e-06,3.24857233e-06
634.765625,8.70552541e-07,3.44323945e-06,3.2343773e-06
659.179688,6.64782901e-07,3.42073404e-06,3.21961184e-06
683.59375,4.88064893e-07,3.39752615e-06,3.20428258e-06
708.007812,3.41468251e-07,3.37363915e-06,3.18839756e-06
732.421875,2.24974107e-07,3.34909799e-06,3.17196626e-06
756.835938,1.37500099e-07,3.32392912e-06,3.15499966e-06
781.25,7.69831131e-08,3.29816047e-06,3.13751025e-06
805.664062,4.05146919e-08,3.27182138e-06,3.119512e-06
830.078125,2.45205688e-08,3.24494252e-06,3.1010204e-06
854.492188,2.49727564e-08,3.2175558e-06,3.08205241e-06
878.90625,3.76204293e-08,3.18969425e-06,3.06262645e-06
903.320312,5.82246533e-08,3.16139197e-06,3.04276231e-06
927.734375,8.27819214e-08,3.13268394e-06,3.02248116e-06
952.148438,1.07722469e-07,3.10360595e-06,3.00180545e-06
976.5625,1.3007137e-07,3.07419443e-06,2.98075881e-06
1000.97656,1.47563303e-07,3.04448635e-06,2.95936603e-06
1025.39062,1.58705368e-07,3.01451906e-06,2.9376529e-06
1049.80469,1.62786176e-07,2.98433017e-06,2.91564617e-06
1074.21875,1.59833315e-07,2.95395737e-06,2.89337339e-06
1098.63281,1.50524867e-07,2.92343835e-06,2.87086284e-06
1123.04688,1.36063721e-07,2.89281061e-06,2.84814341e-06
1147.46094,1.18025722e-07,2.86211138e-06,2.82524447e-06
1171.875,9.81940393e-08,2.83137745e-06,2.80219577e-06
1196.28906,7.83925157e-08,2.80064506e-06,2.7790273e-06
1220.70312,6.0330156e-08,2.76994981e-06,2.7557692e-06
1245.11719,4.54673711e-08,2.73932652e-06,2.73245164e-06
1269.53125,3.49123609e-08,2.70880916e-06,2.7091047e-06
1293.94531,2.93532315e-08,2.67843076e-06,2.68575828e-06
1318.35938,2.90283878e-08,2.6482233e-06,2.66244199e-06
1342.77344,3.37346627e-08,2.61821766e-06,2.63918505e-06
1367.1875,4.28697974e-08,2.58844358e-06,2.61601622e-06
1391.60156,5.55034749e-08,2.55892957e-06,2.59296368e-06
1416.01562,7.0469316e-08,2.5297029e-06,2.57005501e-06
1440.42969,8.64691582e-08,2.50078954e-06,2.54731708e-06
1464.84375,1.02180621e-07,2.47221417e-06,2.524776e-06
1489.25781,1.16359362e-07,2.44400014e-06,2.5024571e-06
1513.67188,1.27928495e-07,2.41616945e-06,2.48038481e-06
1538.08594,1.36049208e-07,2.3887428e-06,2.45858271e-06
1562.5,1.40168554e-07,2.36173957e-06,2.43707345e-06
1586.91406,1.40042465e-07,2.33517781e-06,2.41587875e-06
1611.32812,1.35734151e-07,2.30907432e-06,2.39501936e-06
1635.74219,1.27589895e-07,2.28344462e-06,2.37451509e-06
1660.15625,1.16195875e-07,2.25830301e-06,2.35438475e-06
1684.57031,1.02320766e-07,2.23366263e-06,2.33464623e-06
1708.98438,8.68495645e-08,2.20953543e-06,2.31531644e-06
1733.39844,7.07142758e-08,2.18593229e-06,2.29641138e-06
1757.8125,5.48268227e-08,2.16286303e-06,2.27794611e-06
1782.22656,4.00188973e-08,2.14033644e-06,2.2599348e-06
1806.64062,2.69925169e-08,2.11836037e-06,2.24239077e-06
1831.05469,1.62839056e-08,2.09694176e-06,2.22532646e-06
1855.46875,8.24210419e-09,2.07608669e-06,2.20875355e-06
1879.88281,3.02250762e-09,2.05580045e-06,2.19268292e-06
1904.29688,5.9444766e-10,2.03608756e-06,2.17712472e-06
1928.71094,7.61034271e-10,2.01695186e-06,2.16208841e-06
1953.125,3.1887916e-09,1.99839656e-06,2.14758277e-06
1977.53906,7.44419531e-09,1.98042423e-06,2.13361598e-06
2001.95312,1.30340329e-08,1.96303695e-06,2.12019564e-06
2026.36719,1.9446548e-08,1.94623629e-06,2.10732879e-06
2050.78125,2.61905592e-08,1.93002336e-06,2.095022e-06
2075.19531,3.28301225e-08,1.91439889e-06,2.08328137e-06
2099.60938,3.90127874e-08,1.89936327e-06,2.07211256e-06
2124.02344,4.44900422e-08,1.88491656e-06,2.06152089e-06
2148.4375,4.91291074e-08,1.87105858e-06,2.05151129e-06
2172.85156,5.29158032e-08,1.8577889e-06,2.04208842e-06
2197.26562,5.59487417e-08,1.84510693e-06,2.03325666e-06
2221.67969,5.84255848e-08,1.83301193e-06,2.02502015e-06
2246.09375,6.06225316e-08,1.82150303e-06,2.01738281e-06
2270.50781,6.28685586e-08,1.81057931e-06,2.01034842e-06
2294.92188,6.55162172e-08,1.80023979e-06,2.00392059e-06
2319.33594,6.89109863e-08,1.79048348e-06,1.99810282e-06
2343.75,7.33612773e-08,1.78130942e-06,1.99289853e-06
2368.16406,7.9111177e-08,1.77271667e-06,1.98831107e-06
2392.57812,8.63178889e-08,1.76470437e-06,1.98434375e-06
2416.99219,9.50355804e-08,1.75727176e-06,1.98099984e-06
2441.40625,1.05206972e-07,1.75041821e-06,1.97828263e-06
2465.82031,1.16663511e-07,1.74414319e-06,1.97619541e-06
2490.23438,1.29134396e-07,1.73844638e-06,1.97474149e-06
2514.64844,1.42264058e-07,1.7333276e-06,1.97392425e-06
2539.0625,1.55637039e-07,1.7287869e-06,1.97374707e-06
2563.47656,1.68808581e-07,1.72482453e-06,1.97421342e-06
2587.89062,1.81338635e-07,1.72144097e-06,1.97532684e-06
2612.30469,1.9282664e-07,1.71863696e-06,1.97709089e-06
2636.71875,2.02944157e-07,1.71641348e-06,1.97950924e-06
2661.13281,2.11462445e-07,1.71477182e-06,1.9825856e-06
2685.54688,2.1827235e-07,1.71371351e-06,1.98632374e-06
2709.96094,2.23394363e-07,1.71324043e-06,1.99072748e-06
2734.375,2.2697744e-07,1.71335472e-06,1.99580068e-06
2758.78906,2.29286105e-07,1.71405886e-06,2.00154721e-06
2783.20312,2.30676383e-07,1.71535567e-06,2.00797096e-06
2807.61719,2.31562145e-07,1.71724827e-06,2.01507581e-06
2832.03125,2.32374458e-07,1.71974016e-06,2.02286559e-06
2856.44531,2.33517318e-07,1.72283517e-06,2.03134407e-06
2880.85938,2.35323717e-07,1.72653747e-06,2.04051493e-06
2905.27344,2.38016203e-07,1.73085161e-06,2.05038171e-06
2929.6875,2.41675984e-07,1.73578248e-06,2.06094777e-06
2954.10156,2.46224058e-07,1.74133536e-06,2.07221628e-06
2978.51562,2.51416997e-07,1.74751589e-06,2.08419012e-06
3002.92969,2.56858809e-07,1.75433006e-06,2.09687187e-06
3027.34375,2.62028929e-07,1.76178424e-06,2.11026374e-06
3051.75781,2.66324876e-07,1.76988517e-06,2.12436751e-06
3076.17188,2.69116714e-07,1.77863995e-06,2.13918444e-06
3100.58594,2.69809127e-07,1.78805604e-06,2.15471523e-06
3125,2.67906022e-07,1.79814128e-06,2.17095995e-06
3149.41406,2.63071953e-07,1.80890383e-06,2.18791791e-06
3173.82812,2.55184623e-07,1.82035221e-06,2.20558765e-06
3198.24219,2.4437312e-07,1.83249527e-06,2.22396677e-06
3222.65625,2.31037493e-07,1.84534222e-06,2.24305191e-06
3247.07031,2.15846599e-07,1.85890253e-06,2.26283859e-06
3271.48438,1.99712899e-07,1.87318602e-06,2.28332116e-06
3295.89844,1.83744723e-07,1.88820279e-06,2.30449266e-06
3320.3125,1.69178487e-07,1.90396318e-06,2.32634475e-06
3344.72656,1.57295162e-07,1.92047783e-06,2.34886757e-06
3369.14062,1.49326797e-07,1.93775759e-06,2.37204965e-06
3393.55469,1.46360006e-07,1.9558135e-06,2.39587783e-06
3417.96875,1.49243897e-07,1.97465683e-06,2.42033708e-06
3442.38281,1.58509861e-07,1.99429897e-06,2.4454105e-06
3466.79688,1.74310034e-07,2.01475147e-06,2.47107915e-06
3491.21094,1.96379975e-07,2.03602595e-06,2.49732199e-06
3515.625,2.24029453e-07,2.05813412e-06,2.5241158e-06
3540.03906,2.56163144e-07,2.08108769e-06,2.55143511e-06
3564.45312,2.9133083e-07,2.10489839e-06,2.57925216e-06
3588.86719,3.27804402e-07,2.12957788e-06,2.60753682e-06
3613.28125,3.63676924e-07,2.15513773e-06,2.6362566e-06
3637.69531,3.96977254e-07,2.18158936e-06,2.66537666e-06
3662.10938,4.25792433e-07,2.20894402e-06,2.69485978e-06
3686.52344,4.48389424e-07,2.23721273e-06,2.72466646e-06
3710.9375,4.63327672e-07,2.2664062e-06,2.75475494e-06
3735.35156,4.6955459e-07,2.29653482e-06,2.78508136e-06
3759.76562,4.66477234e-07,2.3276086e-06,2.81559984e-06
3784.17969,4.54005096e-07,2.35963709e-06,2.84626267e-06
3808.59375,4.32560998e-07,2.39262936e-06,2.8770205e-06
3833.00781,4.03059282e-07,2.42659395e-06,2.9078226e-06
3857.42188,3.66852784e-07,2.46153879e-06,2.93861707e-06
3881.83594,3.25652208e-07,2.49747117e-06,2.96935122e-06
3906.25,2.81423369e-07,2.53439773e-06,2.99997184e-06
3930.66406,2.36269205e-07,2.57232434e-06,3.03042562e-06
3955.07812,1.92304379e-07,2.61125617e-06,3.0606595e-06
3979.49219,1.5153068e-07,2.65119757e-06,3.09062114e-06
4003.90625,1.15721183e-07,2.6921521e-06,3.12025934e-06
4028.32031,8.63204514e-08,2.73412251e-06,3.14952453e-06
4052.73438,6.43667929e-08,2.77711074e-06,3.17836921e-06
4077.14844,5.04410682e-08,2.82111791e-06,3.20674847e-06
4101.5625,4.46446886e-08,2.86614439e-06,3.23462049e-06
4125.97656,4.66075241e-08,2.9121898e-06,3.26194696e-06
4150.39062,5.55245167e-08,2.95925305e-06,3.28869363e-06
4174.80469,7.02180042e-08,3.00733248e-06,3.3148307e-06
4199.21875,8.9221227e-08,3.05642589e-06,3.34033328e-06
4223.63281,1.10877276e-07,3.10653067e-06,3.36518179e-06
4248.04688,1.33446933e-07,3.15764395e-06,3.3893623e-06
4272.46094,1.55218448e-07,3.20976274e-06,3.41286685e-06
4296.875,1.74612377e-07,3.26288411e-06,3.43569375e-06
4321.28906,1.90275025e-07,3.31700543e-06,3.4578478e-06
4345.70312,2.01154913e-07,3.37212455e-06,3.47934041e-06
4370.11719,2.0655783e-07,3.42824013e-06,3.50018984e-06
4394.53125,2.06177448e-07,3.48535185e-06,3.52042114e-06
4418.94531,2.00100035e-07,3.54346081e-06,3.5400663e-06
4443.35938,1.88783466e-07,3.6025698e-06,3.55916411e-06
4467.77344,1.73012331e-07,3.66268372e-06,3.57776021e-06
4492.1875,1.53832474e-07,3.72380999e-06,3.59590691e-06
4516.60156,1.32469603e-07,3.78595893e-06,3.61366307e-06
4541.01562,1.10237662e-07,3.84914425e-06,3.63109395e-06
4565.42969,8.84433221e-08,3.91338356e-06,3.64827103e-06
4589.84375,6.82932948e-08,3.97869881e-06,3.66527182e-06
4614.25781,5.08110126e-08,4.04511687e-06,3.68217964e-06
4638.67188,3.67686813e-08,4.11267012e-06,3.69908343e-06
4663.08594,2.66397356e-08,4.18139695e-06,3.7160776e-06
4687.5,2.05753887e-08,4.25134247e-06,3.73326181e-06
4711.91406,1.84073232e-08,4.32255907e-06,3.75074088e-06
4736.32812,1.96767307e-08,4.39510712e-06,3.76862468e-06
4760.74219,2.36879763e-08,4.46905568e-06,3.787028e-06
4785.15625,2.95832816e-08,4.54448317e-06,3.80607065e-06
4809.57031,3.64331189e-08,4.62147819e-06,3.82587739e-06
4833.98438,4.33356241e-08,4.70014029e-06,3.8465781e-06
4858.39844,4.9517388e-08,4.7805808e-06,3.86830791e-06
4882.8125,5.44275583e-08,4.86292373e-06,3.89120747e-06
4907.22656,5.78173538e-08,4.94730676e-06,3.91542327e-06
4931.64062,5.97978515e-08,5.03388218e-06,3.94110802e-06
4956.05469,6.0870248e-08,5.12281807e-06,3.96842123e-06
4980.46875,6.19246218e-08,5.21429943e-06,3.99752974e-06
5004.88281,6.42054267e-08,5.30852951e-06,4.02860851e-06
5029.29688,6.92443631e-08,5.40573125e-06,4.06184144e-06
5053.71094,7.8763723e-08,5.50614879e-06,4.0974224e-06
5078.125,9.45556094e-08,5.61004929e-06,4.13555629e-06
5102.53906,1.18344392e-07,5.71772482e-06,4.17646044e-06
5126.95312,1.51641245e-07,5.82949457e-06,4.22036603e-06
5151.36719,1.95600469e-07,5.94570727e-06,4.2675198e-06
5175.78125,2.50887539e-07,6.06674393e-06,4.31818605e-06
5200.19531,3.17568294e-07,6.19302098e-06,4.37264872e-06
5224.60938,3.95027656e-07,6.3249938e-06,4.43121402e-06
5249.02344,4.8192462e-07,6.46316071e-06,4.4942132e-06
5273.4375,5.76188343e-07,6.60806753e-06,4.56200579e-06
5297.85156,6.75058033e-07,6.76031285e-06,4.6349834e-06
5322.26562,7.75167268e-07,6.92055397e-06,4.71357387e-06
5346.67969,8.72671509e-07,7.08951375e-06,4.7982462e-06
5371.09375,9.63416055e-07,7.26798855e-06,4.88951611e-06
5395.50781,1.04314066e-06,7.45685728e-06,4.98795257e-06
5419.92188,1.10771643e-06,7.65709194e-06,5.09418519e-06
5444.33594,1.15341053e-06,7.8697698e-06,5.20891297e-06
5468.75,1.17717433e-06,8.09608752e-06,5.33291437e-06
5493.16406,1.17695113e-06,8.33737771e-06,5.46705913e-06
5517.57812,1.15199954e-06,8.59512808e-06,5.61232212e-06
5541.99219,1.1032288e-06,8.87100412e-06,5.76979967e-06
5566.40625,1.03354167e-06,9.16687557e-06,5.94072889e-06
5590.82031,9.48178927e-07,9.4848478e-06,6.12651056e-06
5615.23438,8.55057822e-07,9.82729882e-06,6.32873649e-06
5639.64844,7.6509363e-07,1.01969234e-05,6.54922235e-06
5664.0625,6.92489974e-07,1.05967858e-05,6.79004713e-06
5688.47656,6.54979744e-07,1.10303827e-05,7.053601e-06
5712.89062,6.73994445e-07,1.15017189e-05,7.34264353e-06
5737.30469,7.7473637e-07,1.20153999e-05,7.660375e-06
5761.71875,9.8612561e-07,1.25767426e-05,8.01052431e-06
5786.13281,1.34059302e-06,1.31919124e-05,8.39745788e-06
5810.54688,1.8736915e-06,1.38680902e-05,8.82631564e-06
5834.96094,2.62350166e-06,1.46136794e-05,9.30318207e-06
5859.375,3.62981446e-06,1.54385631e-05,9.83530288e-06
5883.78906,4.93308248e-06,1.63544248e-05,1.04313617e-05
5908.20312,6.57314359e-06,1.7375153e-05,1.11018368e-05
5932.61719,8.58773464e-06,1.85173521e-05,1.18594647e-05
5957.03125,1.10108284e-05,1.98009946e-05,1.27198498e-05
5981.44531,1.38708428e-05,2.12502576e-05,1.37022727e-05
6005.85938,1.71887878e-05,2.28946048e-05,1.48307765e-05
6030.27344,2.09764277e-05,2.47701934e-05,1.61356432e-05
6054.6875,2.52345499e-05,2.69217194e-05,1.76554278e-05
6079.10156,2.99514347e-05,2.94048507e-05,1.94398001e-05
6103.51562,3.51016262e-05,3.22894548e-05,2.15535779e-05
6127.92969,4.06450979e-05,3.56638996e-05,2.40825454e-05
6152.34375,4.6526898e-05,3.96407926e-05,2.71419968e-05
6176.75781,5.26773421e-05,4.43646261e-05,3.08895232e-05
6201.17188,5.9012801e-05,5.0021866e-05,3.55445343e-05
6225.58594,6.54371043e-05,5.68539761e-05,4.14186813e-05
6250,7.18435498e-05,6.51734484e-05,4.89642357e-05
6274.41406,7.8117478e-05,7.53815123e-05,5.88524083e-05
6298.82812,8.41393403e-05,8.79824203e-05,7.21015339e-05
6323.24219,8.97881575e-05,0.00010358007,9.0285541e-05
6347.65625,9.49452403e-05,0.000122822624,0.000115855656
6372.07031,9.94980252e-05,0.000146222385,0.000152544078
6396.48438,0.000103343862,0.000173724942,0.00020543268
6420.89844,0.00010639359,0.00020389778,0.000278723709
6445.3125,0.000108574732,0.000232880832,0.000365662928
6469.72656,0.000109834172,0.000254091651,0.000429610613
6494.14062,0.000110140168,0.000260454261,0.000419245179
6518.55469,0.000109483622,0.000249011828,0.000341797643
6542.96875,0.00010787852,0.000223465227,0.000252081064
6567.38281,0.000105361533,0.000191327439,0.000180947422
6591.79688,0.000101990784,0.000159220894,0.000131215007
6616.21094,9.78438359e-05,0.000130783306,9.73979587e-05
6640.625,9.30149896e-05,0.000107149338,7.41816327e-05
6665.03906,8.76120185e-05,8.81131489e-05,5.78838972e-05
6689.45312,8.17524819e-05,7.29735815e-05,4.615073e-05
6713.86719,7.55597867e-05,6.09586214e-05,3.74945495e-05
6738.28125,6.91591676e-05,5.13880927e-05,3.09635689e-05
6762.69531,6.26737601e-05,4.37129505e-05,2.59359436e-05
6787.10938,5.62209273e-05,3.75069256e-05,2.1995828e-05
6811.52344,4.99089849e-05,3.24444883e-05,1.88586417e-05
6835.9375,4.38344445e-05,2.82782637e-05,1.63253349e-05
6860.35156,3.80798623e-05,2.48200098e-05,1.42538382e-05
6884.76562,3.27123503e-05,2.19257851e-05,1.25408531e-05
6909.17969,2.77827704e-05,1.94847767e-05,1.11099893e-05
6933.59375,2.33255967e-05,1.7411015e-05,9.90387673e-06
6958.00781,1.9359404e-05,1.56372587e-05,8.87881846e-06
6982.42188,1.58879099e-05,1.41104813e-05,8.0011012e-06
7006.83594,1.29014776e-05,1.2788526e-05,7.24440592e-06
7031.25,1.03789738e-05,1.16376131e-05,6.58796283e-06
7055.66406,8.28986543e-06,1.063047e-05,6.01521753e-06
7080.07812,6.59643963e-06,9.74491814e-06,5.51285388e-06
7104.49219,5.25603558e-06,8.96279706e-06,5.07006938e-06
7128.90625,4.22318874e-06,8.26913901e-06,4.67803153e-06
7153.32031,3.45160204e-06,7.65153113e-06,4.32946569e-06
7177.73438,2.89587748e-06,7.09961878e-06,4.01833942e-06
7202.14844,2.51296122e-06,6.60471619e-06,3.73961861e-06
7226.5625,2.26327581e-06,6.15949909e-06,3.48907723e-06
7250.97656,2.11153221e-06,5.75776043e-06,3.26314793e-06
7275.39062,2.027232e-06,5.39421514e-06,3.05880359e-06
7299.80469,1.98488448e-06,5.06434294e-06,2.87346295e-06
7324.21875,1.96397471e-06,4.76426124e-06,2.70491474e-06
7348.63281,1.94872594e-06,4.49062173e-06,2.55125638e-06
7373.04688,1.92770398e-06,4.24052574e-06,2.4108442e-06
7397.46094,1.8933113e-06,4.01145472e-06,2.28225262e-06
7421.875,1.84121651e-06,3.80121278e-06,2.1642407e-06
7446.28906,1.76975981e-06,3.60787904e-06,2.05572444e-06
7470.70312,1.6793688e-06,3.42976788e-06,1.95575378e-06
7495.11719,1.57201129e-06,3.26539567e-06,1.86349345e-06
7519.53125,1.4507044e-06,3.11345284e-06,1.7782069e-06
7543.94531,1.31909154e-06,2.97278029e-06,1.69924274e-06
7568.35938,1.18109222e-06,2.84234939e-06,1.62602338e-06
7592.77344,1.04062423e-06,2.72124506e-06,1.55803532e-06
7617.1875,9.01393439e-07,2.60865125e-06,1.49482093e-06
7641.60156,7.66743448e-07,2.50383856e-06,1.43597138e-06
7666.01562,6.39556073e-07,2.40615365e-06,1.38112062e-06
7690.42969,5.2219301e-07,2.31501004e-06,1.32994025e-06
7714.84375,4.16469661e-07,2.22988023e-06,1.28213499e-06
7739.25781,3.23653241e-07,2.15028887e-06,1.23743882e-06
7763.67188,2.44478829e-07,2.07580683e-06,1.19561169e-06
7788.08594,1.79178659e-07,2.00604598e-06,1.15643654e-06
7812.5,1.2752146e-07,1.94065475e-06,1.1197168e-06
7836.91406,8.88599086e-08,1.87931413e-06,1.08527416e-06
7861.32812,6.21850845e-08,1.82173423e-06,1.05294663e-06
7885.74219,4.61872956e-08,1.76765128e-06,1.02258683e-06
7910.15625,3.93226372e-08,1.71682487e-06,9.94060509e-07
7934.57031,3.98843937e-08,1.66903569e-06,9.67245177e-07
7958.98438,4.60778703e-08,1.62408336e-06,9.42028986e-07
7983.39844,5.60966381e-08,1.58178464e-06,9.18309667e-07
8007.8125,6.81975945e-08,1.54197175e-06,8.9599362e-07
8032.22656,8.0771792e-08,1.50449095e-06,8.749951e-07
8056.64062,9.2407768e-08,1.4692012e-06,8.55235492e-07
8081.05469,1.01944164e-07,1.43597305e-06,8.36642663e-07
8105.46875,1.08508775e-07,1.40468759e-06,8.19150387e-07
8129.88281,1.11541817e-07,1.37523549e-06,8.0269783e-07
8154.29688,1.10802066e-07,1.34751623e-06,7.8722909e-07
8178.71094,1.06355566e-07,1.32143735e-06,7.72692783e-07
8203.125,9.854771e-08,1.29691375e-06,7.59041677e-07
8227.53906,8.79605982e-08,1.27386711e-06,7.46232354e-07
8251.95312,7.53585343e-08,1.25222537e-06,7.34224919e-07
8276.36719,6.16253071e-08,1.23192226e-06,7.22982729e-07
8300.78125,4.76974129e-08,1.21289681e-06,7.12472153e-07
8325.19531,3.44975869e-08,1.19509302e-06,7.0266236e-07
8349.60938,2.28729055e-08,1.17845946e-06,6.93525121e-07
8374.02344,1.35413157e-08,1.16294901e-06,6.85034642e-07
8398.4375,7.04977072e-09,1.14851854e-06,6.77167401e-07
8422.85156,3.74626835e-09,1.13512864e-06,6.69902018e-07
8447.26562,3.76705759e-09,1.12274346e-06,6.63219123e-07
8471.67969,7.0391949e-09,1.11133042e-06,6.57101256e-07
8496.09375,1.32975586e-08,1.10086012e-06,6.51532761e-07
8520.50781,2.21144558e-08,1.0913061e-06,6.46499709e-07
8544.92188,3.29391409e-08,1.08264476e-06,6.41989818e-07
8569.33594,4.51439629e-08,1.07485519e-06,6.37992394e-07
8593.75,5.80735058e-08,1.0679191e-06,6.34498277e-07
8618.16406,7.10929946e-08,1.06182072e-06,6.31499795e-07
8642.57812,8.36324151e-08,1.05654672e-06,6.28990731e-07
8666.99219,9.52232127e-08,1.05208614e-06,6.26966295e-07
8691.40625,1.05525057e-07,1.04843038e-06,6.25423108e-07
8715.82031,1.14340948e-07,1.04557312e-06,6.24359192e-07
8740.23438,1.21619836e-07,1.04351034e-06,6.23773968e-07
8764.64844,1.27446853e-07,1.04224029e-06,6.23668269e-07
8789.0625,1.32022183e-07,1.04176351e-06,6.24044347e-07
8813.47656,1.35630439e-07,1.04208285e-06,6.24905908e-07
8837.89062,1.38603125e-07,1.04320349e-06,6.26258142e-07
8862.30469,1.41277294e-07,1.04513303e-06,6.28107766e-07
8886.71875,1.43953838e-07,1.0478815e-06,6.30463084e-07
8911.13281,1.4685894e-07,1.05146149e-06,6.33334048e-07
8935.54688,1.50112052e-07,1.05588823e-06,6.36732338e-07
8959.96094,1.53703386e-07,1.06117969e-06,6.40671453e-07
8984.375,1.57483273e-07,1.06735675e-06,6.45166813e-07
9008.78906,1.61164956e-07,1.07444333e-06,6.50235883e-07
9033.20312,1.64341446e-07,1.08246659e-06,6.55898306e-07
9057.61719,1.66516016e-07,1.09145712e-06,6.62176062e-07
9082.03125,1.67144869e-07,1.10144918e-06,6.6909364e-07
9106.44531,1.65689491e-07,1.11248098e-06,6.76678244e-07
9130.85938,1.61675291e-07,1.12459497e-06,6.84960014e-07
9155.27344,1.54752423e-07,1.13783818e-06,6.93972282e-07
9179.6875,1.44754174e-07,1.15226259e-06,7.03751863e-07
9204.10156,1.31748145e-07,1.1679256e-06,7.14339379e-07
9228.51562,1.16075564e-07,1.18489048e-06,7.25779629e-07
9252.92969,9.83745951e-08,1.20322693e-06,7.38122005e-07
9277.34375,7.95843057e-08,1.22301172e-06,7.51420968e-07
9301.75781,6.09271683e-08,1.24432937e-06,7.6573658e-07
9326.17188,4.38693624e-08,1.26727295e-06,7.81135122e-07
9350.58594,3.00598033e-08,1.29194498e-06,7.97689781e-07
9375,2.12505513e-08,1.31845844e-06,8.15481449e-07
9399.41406,1.92029795e-08,1.34693795e-06,8.34599622e-07
9423.82812,2.55856692e-08,1.37752108e-06,8.55143447e-07
9448.24219,4.18713248e-08,1.41035981e-06,8.77222905e-07
9472.65625,6.92409351e-08,1.44562233e-06,9.00960187e-07
9497.07031,1.0850384e-07,1.48349491e-06,9.26491276e-07
9521.48438,1.60042205e-07,1.52418423e-06,9.53967779e-07
9545.89844,2.2378761e-07,1.56791995e-06,9.83559053e-07
9570.3125,2.99235993e-07,1.61495767e-06,1.01545468e-06
9594.72656,3.85505099e-07,1.66558243e-06,1.04986736e-06
9619.14062,4.81435968e-07,1.72011271e-06,1.0870363e-06
9643.55469,5.85736889e-07,1.77890507e-06,1.1272312e-06
9667.96875,6.97164979e-07,1.84235963e-06,1.17075693e-06
9692.38281,8.14737158e-07,1.91092637e-06,1.21795916e-06
9716.79688,9.37959116e-07,1.98511265e-06,1.26923094e-06
9741.21094,1.06705814e-06,2.06549199e-06,1.32502065e-06
9765.625,1.20320358e-06,2.15271442e-06,1.38584152e-06
9790.03906,1.34869751e-06,2.24751884e-06,1.45228307e-06
9814.45312,1.50711805e-06,2.35074767e-06,1.52502508e-06
9838.86719,1.68339876e-06,2.46336435e-06,1.60485445e-06
9863.28125,1.88382982e-06,2.58647439e-06,1.69268605e-06
9887.69531,2.11597001e-06,2.72135067e-06,1.78958825e-06
9912.10938,2.38846309e-06,2.86946408e-06,1.89681467e-06
9936.52344,2.71075732e-06,3.03252073e-06,2.01584375e-06
9960.9375,3.092733e-06,3.2125074e-06,2.14842855e-06
9985.35156,3.5442486e-06,3.41174721e-06,2.29665969e-06
10009.7656,4.07462254e-06,3.63296823e-06,2.46304573e-06
10034.1797,4.69207269e-06,3.87938837e-06,2.65061647e-06
10058.5938,5.40314034e-06,4.15482088e-06,2.86305709e-06
10083.0078,6.21212859e-06,4.4638061e-06,3.10488362e-06
10107.4219,7.12058676e-06,4.81177663e-06,3.38167515e-06
10131.8359,8.12687214e-06,5.20526519e-06,3.70038397e-06
10156.25,9.22581863e-06,5.65216708e-06,4.06975474e-06
10180.6641,1.04085376e-05,6.16207212e-06,4.50089729e-06
10205.0781,1.16623712e-05,6.74668492e-06,5.00807957e-06
10229.4922,1.29710104e-05,7.42035563e-06,5.60983914e-06
10253.9062,1.43147833e-05,8.20074676e-06,6.33056261e-06
10278.3203,1.56711091e-05,9.1096609e-06,7.20276035e-06
10302.7344,1.70151039e-05,1.01740458e-05,8.27038704e-06
10327.1484,1.83203191e-05,1.14271654e-05,9.59374808e-06
10351.5625,1.955958e-05,1.29098589e-05,1.12568191e-05
10375.9766,2.0705892e-05,1.46716586e-05,1.33782051e-05
10400.3906,2.17333727e-05,1.67712349e-05,1.61274096e-05
10424.8047,2.26181686e-05,1.92750436e-05,1.97481307e-05
10449.2188,2.33393138e-05,2.22519934e-05,2.45882446e-05
10473.6328,2.38794911e-05,2.57602777e-05,3.1126162e-05
10498.0469,2.42256598e-05,2.98204857e-05,3.99482261e-05
10522.4609,2.43695211e-05,3.43684848e-05,5.15332818e-05
10546.875,2.43078008e-05,3.91875561e-05,6.55210587e-05
10571.2891,2.40423362e-05,4.38409791e-05,7.92441857e-05
10595.7031,2.35799664e-05,4.76662608e-05,8.70469549e-05
10620.1172,2.29322328e-05,4.9915634e-05,8.41862992e-05
10644.5312,2.21149066e-05,5.0052561e-05,7.24776966e-05
10668.9453,2.11473678e-05,4.80337601e-05,5.79736161e-05
10693.3594,2.00518687e-05,4.43356545e-05,4.49725941e-05
10717.7734,1.88527156e-05,3.96994103e-05,3.47753587e-05
10742.1875,1.75754098e-05,3.48188564e-05,2.71692953e-05
10766.6016,1.62457851e-05,3.01703897e-05,2.15609286e-05
10791.0156,1.48891816e-05,2.60008705e-05,1.74007595e-05
10815.4297,1.35296884e-05,2.23914491e-05,1.42734368e-05
10839.8438,1.21894837e-05,1.93286124e-05,1.18849332e-05
10864.2578,1.0888297e-05,1.67554753e-05,1.00309473e-05
10888.6719,9.64300545e-06,1.46017167e-05,8.56938339e-06
10913.0859,8.46737461e-06,1.27985087e-05,7.4004508e-06
10937.5,7.37194116e-06,1.12847153e-05,6.45312206e-06
10961.9141,6.36403206e-06,1.00086061e-05,5.67609057e-06
10986.3281,5.44790593e-06,8.92751702e-06,5.03173819e-06
11010.7422,4.62499882e-06,8.00672547e-06,4.49208095e-06
11035.1562,3.89425243e-06,7.2181422e-06,4.03601336e-06
11059.5703,3.2525011e-06,6.53908164e-06,3.6474105e-06
11083.9844,2.69489312e-06,5.9512025e-06,3.31380317e-06
11108.3984,2.21532291e-06,5.43963424e-06,3.02544017e-06
11132.8125,1.80685254e-06,4.99227368e-06,2.77461585e-06
11157.2266,1.46210415e-06,4.59922549e-06,2.55518168e-06
11181.6406,1.17360862e-06,4.25236005e-06,2.36218721e-06
11206.0547,9.34099761e-07,3.94496461e-06,2.19161306e-06
11230.4688,7.36747766e-07,3.67146816e-06,2.04017024e-06
11254.8828,5.75329623e-07,3.42722378e-06,1.90514775e-06
11279.2969,4.44337879e-07,3.20833618e-06,1.7842958e-06
11303.7109,3.39032319e-07,3.01152427e-06,1.6757354e-06
11328.125,2.55441555e-07,2.83401143e-06,1.5778879e-06
11352.5391,1.90323196e-07,2.67343726e-06,1.48941954e-06
11376.9531,1.41092243e-07,2.52778654e-06,1.40919753e-06
11401.3672,1.05727569e-07,2.39533153e-06,1.33625503e-06
11425.7812,8.26659745e-08,2.27458505e-06,1.26976298e-06
11450.1953,7.06924198e-08,2.16426208e-06,1.20900733e-06
11474.6094,6.88337931e-08,2.06324823e-06,1.15337059e-06
11499.0234,7.62620692e-08,1.97057373e-06,1.10231661e-06
11523.4375,9.22111472e-08,1.88539178e-06,1.05537821e-06
11547.8516,1.15910084e-07,1.80696066e-06,1.01214686e-06
11572.2656,1.46533992e-07,1.73462869e-06,9.72264127e-07
11596.6797,1.83172609e-07,1.66782165e-06,9.35414556e-07
11621.0938,2.24815521e-07,1.60603217e-06,9.013197e-07
11645.5078,2.70352238e-07,1.54881078e-06,8.69733083e-07
11669.9219,3.185848e-07,1.49575831e-06,8.40435955e-07
11694.3359,3.68250307e-07,1.4465194e-06,8.13233687e-07
11718.75,4.18050639e-07,1.40077703e-06,7.87952703e-07
11743.1641,4.66686749e-07,1.35824774e-06,7.6443786e-07
11767.5781,5.12895028e-07,1.31867757e-06,7.42550202e-07
11791.9922,5.55483573e-07,1.28183861e-06,7.22165028e-07
11816.4062,5.93366433e-07,1.24752592e-06,7.03170227e-07
11840.8203,6.25594279e-07,1.21555497e-06,6.85464838e-07
11865.2344,6.51380262e-07,1.18575929e-06,6.68957805e-07
11889.6484,6.70120105e-07,1.15798856e-06,6.53566883e-07
11914.0625,6.81405833e-07,1.13210687e-06,6.39217702e-07
11938.4766,6.85032785e-07,1.10799117e-06,6.25842932e-07
11962.8906,6.8099983e-07,1.08552999e-06,6.13381567e-07
11987.3047,6.69502977e-07,1.06462228e-06,6.01778285e-07
12011.7188,6.50922802e-07,1.04517636e-06,5.90982893e-07
12036.1328,6.25806346e-07,1.02710905e-06,5.80949839e-07
12060.5469,5.94844329e-07,1.01034486e-06,5.71637775e-07
12084.9609,5.58844737e-07,9.94815287e-07,5.63009179e-07
12109.375,5.18703947e-07,9.80458237e-07,5.55030016e-07
12133.7891,4.75376649e-07,9.67217429e-07,5.47669445e-07
12158.2031,4.29845891e-07,9.55041942e-07,5.4089955e-07
12182.6172,3.83094473e-07,9.4388578e-07,5.34695109e-07
12207.0312,3.36078887e-07,9.33707494e-07,5.29033392e-07
12231.4453,2.89706769e-07,9.24469854e-07,5.23893976e-07
12255.8594,2.44818622e-07,9.1613955e-07,5.19258586e-07
12280.2734,2.02174294e-07,9.08686938e-07,5.15110956e-07
12304.6875,1.62444373e-07,9.02085816e-07,5.11436706e-07
12329.1016,1.26206341e-07,8.96313224e-07,5.08223231e-07
12353.5156,9.39450318e-08,8.91349276e-07,5.05459617e-07
12377.9297,6.60566749e-08,8.87177017e-07,5.03136552e-07
12402.3438,4.28555713e-08,8.83782298e-07,5.01246269e-07
12426.7578,2.45823495e-08,8.81153677e-07,4.99782483e-07
12451.1719,1.14126743e-08,8.79282336e-07,4.98740352e-07
12475.5859,3.4653367e-09,8.78162021e-07,4.9811644e-07
12500,8.08781741e-10,8.77788997e-07,4.97908697e-07
